"","tau2","model","heuristic","optDelta","minPsi","MIV","MISB"
"1",0.001,"Linear (10 factor)","FFD1-Retain",0.631720295899288,190.073726463551,168.685499867556,21.3882265959951
"2",0.001,"Linear (10 factor)","FFD1-Split",0.499918632520453,225.874193212529,147.18181919565,78.6923740168795
"3",0.001,"Linear (10 factor)","FFD2",0.59356035510156,176.569709920047,158.847591642106,17.7221182779413
"4",0.01,"Linear (10 factor)","FFD1-Retain",0.77657742516797,260.777419457856,217.50801131141,43.2694081464461
"5",0.01,"Linear (10 factor)","FFD1-Split",0.499920776092108,934.077505106,147.182302001573,786.895203104427
"6",0.01,"Linear (10 factor)","FFD2",0.729925035233482,233.979698564431,199.482676399658,34.4970221647724
"7",0.1,"Linear (10 factor)","FFD1-Retain",0.951320968790867,416.898456922645,313.768418615096,103.130038307549
"8",0.1,"Linear (10 factor)","FFD1-Split",0.499920992071242,8016.10562935615,147.182350647637,7868.92327870852
"9",0.1,"Linear (10 factor)","FFD2",0.895523656986948,354.79052616266,277.007310452943,77.783215709717
